0,9,0.670196484375,0.339015798611
0,15,0.357410416667,0.456597048611
0,19,0.852028645833,0.490398958333
2,9,0.66431171875,0.341035243056
2,15,0.370689713542,0.452371006944
2,19,0.832921875,0.490770833333
4,9,0.657519010417,0.344072916667
4,15,0.386990234375,0.447182291667
4,19,0.809220703125,0.491059548611
6,9,0.650500520833,0.347391319444
6,15,0.403736979167,0.441848958333
6,19,0.783928515625,0.490716840278
8,9,0.64222421875,0.350835243056
8,15,0.420483723958,0.436515625
8,19,0.757398046875,0.489531423611
10,9,0.630769661458,0.354806423611
10,15,0.437033333333,0.431180208333
10,19,0.730309244792,0.487964409722
12,9,0.615949479167,0.359904340278
12,15,0.452252864583,0.425813368056
12,19,0.703184375,0.486303125
14,9,0.599565885417,0.365371354167
14,15,0.464525651042,0.420373958333
14,19,0.676374479167,0.484375694444
16,9,0.582483333333,0.3696828125
16,11,0.955733072917,0.588605034722
16,15,0.4745375,0.414877604167
16,19,0.650263411458,0.481856423611
18,9,0.565046875,0.372836111111
18,11,0.942930208333,0.58219375
18,15,0.4838546875,0.409436111111
18,19,0.62471796875,0.478862152778
20,9,0.549793098958,0.374515798611
20,11,0.927216276042,0.574324652778
20,15,0.492460546875,0.404474305556
20,19,0.59985,0.475416493056
22,9,0.537938411458,0.374482291667
22,11,0.911070572917,0.566239583333
22,12,0.953517317708,0.550010416667
22,15,0.499433463542,0.400702951389
22,19,0.577841015625,0.470598611111
24,9,0.528337890625,0.373814756944
24,11,0.894924088542,0.558154166667
24,12,0.9394171875,0.543376909722
24,15,0.504678515625,0.3982953125
24,19,0.562496744792,0.463665277778
26,9,0.521711197917,0.373555902778
26,11,0.878780729167,0.550069444444
26,12,0.924068489583,0.536154166667
26,15,0.508848958333,0.396839583333
26,19,0.555506380208,0.455514409722
28,9,0.518669791667,0.373977604167
28,11,0.862636848958,0.541984375
28,12,0.908643880208,0.528895138889
28,15,0.512652994792,0.395733506944
28,19,0.555582682292,0.447441145833
30,9,0.51724609375,0.374706597222
30,11,0.846490755208,0.533897569444
30,12,0.893219661458,0.521636979167
30,15,0.51640546875,0.394678819444
30,19,0.559495833333,0.439713541667
32,9,0.516061197917,0.375481076389
32,11,0.830345572917,0.525810416667
32,12,0.877795963542,0.514378645833
32,15,0.52015625,0.393622569444
32,19,0.564329296875,0.432091493056
34,9,0.514876302083,0.376255729167
34,11,0.814202604167,0.517724652778
34,12,0.862371875,0.507121006944
34,15,0.52390625,0.392565451389
34,19,0.569218619792,0.424473784722
36,9,0.51369140625,0.377032986111
36,11,0.798057682292,0.509640451389
36,12,0.846948828125,0.499863888889
36,15,0.52765625,0.391509027778
36,19,0.574109505208,0.416854340278
38,9,0.512506119792,0.3778109375
38,11,0.781911067708,0.501556597222
38,12,0.831529427083,0.492605729167
38,15,0.531319661458,0.390477256944
38,19,0.579000390625,0.409236631944
40,9,0.511319140625,0.378586631944
40,11,0.765767708333,0.493470659722
40,12,0.816109635417,0.485346527778
40,13,0.979511588542,0.587596875
40,15,0.534396614583,0.389607986111
40,19,0.583875130208,0.401616840278
42,9,0.510135677083,0.379357465278
42,11,0.749624088542,0.485383506944
42,12,0.800697005208,0.478094965278
42,13,0.968998958333,0.580527430556
42,15,0.53617265625,0.389096701389
42,19,0.5885234375,0.393931076389
44,9,0.509023307292,0.380066319444
44,11,0.733487369792,0.47730625
44,12,0.785452083333,0.470938368056
44,13,0.953697916667,0.570586631944
44,15,0.536949088542,0.388859201389
44,19,0.591988671875,0.386069097222
46,9,0.508174739583,0.380543229167
46,11,0.71750546875,0.469375520833
46,12,0.770847916667,0.4641453125
46,13,0.936755859375,0.559731076389
46,15,0.537458984375,0.388697222222
46,19,0.592103515625,0.378351388889
48,9,0.50766796875,0.380717013889
48,11,0.7021921875,0.462059027778
48,12,0.75708046875,0.457828125
48,13,0.919582161458,0.548955555556
48,15,0.537951041667,0.388543229167
48,19,0.58658203125,0.371615451389
50,9,0.507314453125,0.380751909722
50,11,0.688235026042,0.455917534722
50,12,0.743692838542,0.451725173611
50,13,0.902247265625,0.539455208333
50,15,0.53844453125,0.388386805556
50,19,0.576048046875,0.366339583333
52,9,0.506982421875,0.380765451389
52,11,0.675957421875,0.451128993056
52,12,0.730361848958,0.445653298611
52,13,0.884689322917,0.532611111111
52,15,0.538940625,0.388226388889
52,19,0.562007942708,0.362817361111
54,9,0.5066515625,0.38078125
54,11,0.664761067708,0.447177777778
54,12,0.717028515625,0.439581944444
54,13,0.867738671875,0.526804513889
54,15,0.53943828125,0.388066493056
54,19,0.54602109375,0.360451736111
56,9,0.506321614583,0.380797395833
56,11,0.653863411458,0.443420486111
56,12,0.703695703125,0.433511284722
56,13,0.852658854167,0.519071875
56,15,0.539935416667,0.3879109375
56,19,0.529161458333,0.358269965278
58,9,0.505991796875,0.380813020833
58,11,0.643432161458,0.439457465278
58,12,0.690598828125,0.427473784722
58,13,0.83909296875,0.509459027778
58,15,0.540432942708,0.387756076389
58,19,0.510323697917,0.356278125
60,9,0.505661848958,0.380831423611
60,11,0.63459140625,0.434661631944
60,12,0.678988932292,0.421659722222
60,13,0.826408333333,0.499391145833
60,15,0.540930208333,0.387597395833
60,19,0.489669921875,0.3550109375
62,9,0.505331640625,0.380849652778
62,11,0.627229427083,0.428777083333
62,12,0.670216796875,0.416338715278
62,13,0.815602604167,0.489485069444
62,15,0.5414265625,0.387436979167
62,19,0.469923697917,0.354205729167
64,9,0.505,0.380864756944
64,11,0.619230208333,0.422399652778
64,12,0.662623307292,0.411393576389
64,13,0.8072171875,0.479826215278
64,15,0.541923828125,0.387279513889
64,19,0.451212109375,0.353515451389
66,9,0.504668359375,0.380878298611
66,11,0.610322786458,0.415947569444
66,12,0.6547828125,0.406544270833
66,13,0.799989192708,0.470315451389
66,15,0.542421354167,0.387126041667
66,19,0.432903645833,0.353030555556
68,9,0.504338151042,0.380894097222
68,11,0.602456510417,0.409495138889
68,12,0.648104947917,0.401674305556
68,13,0.793379166667,0.461056076389
68,15,0.542918489583,0.386969444444
68,19,0.415054947917,0.353001736111
70,9,0.504027864583,0.380899826389
70,11,0.597614453125,0.403043055556
70,12,0.644576432292,0.396737673611
70,13,0.787785807292,0.452319097222
70,15,0.543416015625,0.386808680556
70,19,0.397558984375,0.353319270833
72,9,0.50385078125,0.380836284722
72,11,0.595131510417,0.396593576389
72,12,0.643372265625,0.391683506944
72,13,0.782973046875,0.443983506944
72,15,0.543911588542,0.386648611111
72,19,0.380603125,0.353814756944
74,9,0.503969270833,0.380624826389
74,11,0.593684375,0.390157638889
74,12,0.642087630208,0.386177951389
74,13,0.778369401042,0.435753819444
74,15,0.544404296875,0.386493402778
74,19,0.366673828125,0.354930381944
76,9,0.504312239583,0.380298958333
76,11,0.593871744792,0.383771354167
76,12,0.639437630208,0.379787326389
76,13,0.773779427083,0.427530381944
76,15,0.544881770833,0.386345138889
76,19,0.359476953125,0.357410763889
78,9,0.504713020833,0.379939756944
78,11,0.59613984375,0.3774515625
78,12,0.63686328125,0.373214756944
78,13,0.7691875,0.419306944444
78,15,0.545258723958,0.386236631944
78,19,0.358001692708,0.360934375
80,9,0.50511875,0.379580381944
80,11,0.599345703125,0.3711578125
80,12,0.636845703125,0.367685590278
80,13,0.764592838542,0.411083506944
80,15,0.545409244792,0.386226215278
80,19,0.360092708333,0.364733333333
82,9,0.505526302083,0.3792234375
82,11,0.602706640625,0.364869618056
82,12,0.639017447917,0.363095833333
82,13,0.760134244792,0.402861805556
82,15,0.54538515625,0.38629375
82,19,0.3652734375,0.368586631944
84,9,0.505933984375,0.378864236111
84,11,0.606342838542,0.358681944444
84,12,0.6418671875,0.358762673611
84,13,0.756716666667,0.394689930556
84,15,0.545383463542,0.386358854167
84,19,0.372599479167,0.372687673611
86,9,0.506359765625,0.378508159722
86,11,0.611019661458,0.352876736111
86,12,0.645404557292,0.354476736111
86,13,0.756105078125,0.386774652778
86,15,0.545838020833,0.386274305556
86,19,0.381995703125,0.377340104167
88,9,0.507092838542,0.378186805556
88,11,0.61705078125,0.3475671875
88,12,0.650384244792,0.350264409722
88,13,0.758718229167,0.379365104167
88,15,0.547309635417,0.385849826389
88,19,0.392835546875,0.382419791667
90,9,0.508966276042,0.377988368056
90,11,0.623692447917,0.342479340278
90,12,0.656468880208,0.346107986111
90,13,0.763005078125,0.372330381944
90,15,0.549564973958,0.385161458333
90,19,0.404040885417,0.387612152778
92,9,0.51195703125,0.377897916667
92,11,0.630424739583,0.337422916667
92,12,0.662842578125,0.341938194444
92,13,0.767645442708,0.365393055556
92,15,0.552030078125,0.384403125
92,19,0.415315885417,0.392740798611
94,9,0.5141203125,0.377661805556
94,11,0.637164583333,0.332369791667
94,12,0.669205078125,0.337369618056
94,13,0.7723078125,0.358459201389
94,15,0.554509114583,0.383636111111
94,19,0.42765078125,0.397530902778
96,9,0.514418880208,0.377145138889
96,11,0.644002734375,0.327379861111
96,12,0.675738020833,0.331588194444
96,13,0.776988411458,0.351524652778
96,15,0.556988411458,0.3828671875
96,19,0.443202604167,0.4017234375
98,9,0.513832291667,0.376496875
98,11,0.651210286458,0.322641840278
98,12,0.68339296875,0.325167013889
98,13,0.78193359375,0.344593576389
98,15,0.559465104167,0.382103298611
98,19,0.461612369792,0.405524305556
100,9,0.513116927083,0.375831076389
100,11,0.658901432292,0.318231770833
100,12,0.692646223958,0.319749305556
100,13,0.787887760417,0.337663194444
100,15,0.561938541667,0.381343055556
100,19,0.480840494792,0.409234027778
102,9,0.512381901042,0.375157986111
102,11,0.666810286458,0.313967708333
102,12,0.702163671875,0.315509027778
102,13,0.795156119792,0.330729166667
102,15,0.5643953125,0.380586284722
102,19,0.500123697917,0.412939930556
104,9,0.511325390625,0.374357986111
104,11,0.674752864583,0.309724479167
104,12,0.710635807292,0.312438541667
104,13,0.803016015625,0.323809201389
104,15,0.566534114583,0.379907638889
104,19,0.51942890625,0.416617361111
106,9,0.509117317708,0.373247743056
106,11,0.6826921875,0.305508159722
106,12,0.718215494792,0.3101703125
106,13,0.810946484375,0.317151215278
106,15,0.567459765625,0.379525
106,19,0.538878255208,0.420090451389
108,9,0.505780729167,0.372613715278
108,11,0.690609635417,0.3014734375
108,12,0.725576432292,0.308056423611
108,13,0.81881484375,0.311487326389
108,15,0.566805598958,0.379525173611
108,19,0.558645182292,0.423109548611
110,9,0.503021484375,0.373945833333
110,11,0.698478385417,0.297844618056
110,12,0.733037239583,0.305564236111
110,13,0.826602473958,0.307118576389
110,15,0.565438802083,0.379698611111
110,19,0.578652473958,0.425778472222
112,9,0.502134375,0.3763015625
112,11,0.706307942708,0.294528125
112,12,0.740745963542,0.302201215278
112,13,0.834352864583,0.303328993056
112,15,0.564003255208,0.379903819444
112,19,0.598886848958,0.428361805556
114,9,0.503055208333,0.378079166667
114,11,0.714127604167,0.291291840278
114,12,0.748638932292,0.298189583333
114,13,0.842096354167,0.299623784722
114,15,0.562820052083,0.380138888889
114,19,0.62010390625,0.431020486111
116,9,0.504717317708,0.379403125
116,11,0.721945703125,0.2880609375
116,12,0.756559895833,0.294157638889
116,13,0.84983984375,0.295919618056
116,15,0.562196744792,0.380439930556
116,16,0.967470182292,0.462724479167
116,19,0.642966145833,0.433970138889
118,9,0.506485807292,0.380657638889
118,11,0.7297625,0.284829340278
118,12,0.764438671875,0.290467708333
118,13,0.857583854167,0.2922140625
118,15,0.56200078125,0.3807890625
118,16,0.947411328125,0.458251041667
118,19,0.666144010417,0.437396527778
120,9,0.508253645833,0.381910243056
120,11,0.737579296875,0.2815984375
120,12,0.772283333333,0.287045659722
120,13,0.865326171875,0.288509895833
120,15,0.56191640625,0.381150694444
120,16,0.920640885417,0.452017534722
120,19,0.688761848958,0.441144097222
122,9,0.509996223958,0.383182465278
122,11,0.745399348958,0.27836875
122,12,0.78011015625,0.2836984375
122,13,0.8730671875,0.284805729167
122,15,0.561841666667,0.381514756944
122,16,0.891806901042,0.445295833333
122,19,0.7111578125,0.4449734375
124,9,0.511569791667,0.3845921875
124,11,0.753219270833,0.275137326389
124,12,0.787800651042,0.280408159722
124,13,0.880810026042,0.281104513889
124,15,0.561766015625,0.381879340278
124,16,0.864360807292,0.439252430556
124,19,0.733540625,0.448809548611
126,9,0.512765755208,0.386307118056
126,11,0.761038411458,0.271906770833
126,12,0.794976822917,0.2773125
126,13,0.8885546875,0.277405729167
126,15,0.561688541667,0.382244791667
126,16,0.839429036458,0.434165104167
126,19,0.755923567708,0.452644965278
128,9,0.513670833333,0.388257465278
128,11,0.768857421875,0.268676215278
128,12,0.801483072917,0.274470659722
128,13,0.896299479167,0.273702256944
128,15,0.561613802083,0.382610590278
128,16,0.816839713542,0.429294097222
128,19,0.778307291667,0.456478645833
130,9,0.514500911458,0.390269097222
130,11,0.776676432292,0.265445659722
130,12,0.807688802083,0.271744791667
130,13,0.903988541667,0.270028993056
130,15,0.561538151042,0.382974479167
130,16,0.79646484375,0.424175694444
130,19,0.80070703125,0.460250520833
132,9,0.515325520833,0.392283506944
132,11,0.784451171875,0.2622328125
132,12,0.813850130208,0.269036458333
132,13,0.911308463542,0.266570833333
132,15,0.56151796875,0.383356944444
132,16,0.777115234375,0.418915972222
132,17,0.98045390625,0.526022569444
132,19,0.823207291667,0.463585763889
134,9,0.516150130208,0.394298958333
134,11,0.791927083333,0.2591390625
134,12,0.820009765625,0.266328125
134,13,0.917809505208,0.263583333333
134,15,0.561889192708,0.3838703125
134,16,0.757853125,0.413633159722
134,17,0.966783203125,0.522807465278
134,19,0.845935286458,0.465949826389
136,9,0.516975520833,0.396312152778
136,11,0.798740755208,0.256313368056
136,12,0.826168619792,0.2636203125
136,13,0.923681380208,0.260957118056
136,15,0.563120963542,0.384669444444
136,16,0.738067708333,0.408351388889
136,17,0.94655625,0.5173765625
136,19,0.868838932292,0.467571701389
138,9,0.517799869792,0.398326388889
138,11,0.805045572917,0.253692708333
138,12,0.832327473958,0.260914409722
138,13,0.929247135417,0.258448090278
138,15,0.565012890625,0.385689930556
138,16,0.717113671875,0.403072222222
138,17,0.923366536458,0.511078298611
138,19,0.891787890625,0.468999826389
140,9,0.518625260417,0.400341493056
140,11,0.811215755208,0.251125173611
140,12,0.838487109375,0.258208333333
140,13,0.93385,0.256075520833
140,15,0.567082682292,0.386770486111
140,16,0.69526484375,0.397790277778
140,17,0.89946640625,0.504680729167
140,19,0.914739192708,0.470416319444
142,9,0.519449869792,0.402355729167
142,11,0.817377994792,0.248560590278
142,12,0.8446484375,0.255499826389
142,13,0.936340104167,0.253988020833
142,15,0.569245833333,0.3879796875
142,16,0.67317890625,0.39251875
142,17,0.875495963542,0.498290972222
142,19,0.937576432292,0.471824131944
144,9,0.520319140625,0.404385590278
144,11,0.823540104167,0.245998263889
144,12,0.850809765625,0.252790104167
144,13,0.937250651042,0.252193229167
144,15,0.57196796875,0.390037847222
144,16,0.651047395833,0.387439236111
144,17,0.85152578125,0.491900173611
144,19,0.9585546875,0.473114583333
146,9,0.521927734375,0.406645138889
146,11,0.82970390625,0.243435069444
146,12,0.856969401042,0.250081076389
146,13,0.937637760417,0.2508640625
146,15,0.575931901042,0.393979340278
146,16,0.628794270833,0.383071354167
146,17,0.827553125,0.485506944444
146,19,0.972486067708,0.473969444444
148,9,0.526333333333,0.409784375
148,11,0.8358625,0.240876041667
148,12,0.863128255208,0.247372743056
148,13,0.937013151042,0.250446354167
148,15,0.580848177083,0.399364236111
148,16,0.606383854167,0.379629861111
148,17,0.80360234375,0.479135763889
150,9,0.534386588542,0.4140734375
150,11,0.841884244792,0.238439409722
150,12,0.869287109375,0.244664409722
150,13,0.934618880208,0.250966319444
150,15,0.586042578125,0.405115277778
150,16,0.583902734375,0.376609895833
150,17,0.780008072917,0.473110590278
152,9,0.54408515625,0.418879166667
152,11,0.847384375,0.236464236111
152,12,0.875446223958,0.241956076389
152,13,0.930093619792,0.252132118056
152,15,0.591726432292,0.4106078125
152,16,0.561410807292,0.373652604167
152,17,0.757763932292,0.468391493056
154,9,0.554025651042,0.423759722222
154,11,0.852209765625,0.235087673611
154,12,0.881595052083,0.239253125
154,13,0.922388671875,0.25399375
154,15,0.5992015625,0.415016319444
154,16,0.538931770833,0.370696875
154,17,0.737281901042,0.465377430556
156,9,0.5639484375,0.428622743056
156,11,0.856732291667,0.233981423611
156,12,0.887552734375,0.2366390625
156,13,0.912331640625,0.256352777778
156,15,0.609009505208,0.418015104167
156,16,0.516668489583,0.367796354167
156,17,0.717594140625,0.463130381944
158,9,0.573595572917,0.433177430556
158,11,0.861210416667,0.232915972222
158,12,0.892778255208,0.234358854167
158,13,0.901653125,0.258840625
158,15,0.619869661458,0.420471354167
158,16,0.495227083333,0.365112326389
158,17,0.698022135417,0.460995486111
160,9,0.582190104167,0.436562326389
160,11,0.865688411458,0.231849131944
160,12,0.897047786458,0.232508333333
160,13,0.890936588542,0.261336284722
160,15,0.630885286458,0.423193923611
160,16,0.474857552083,0.362709722222
160,17,0.678447395833,0.458862326389
162,9,0.58941328125,0.438427777778
162,11,0.870166666667,0.230781944444
162,12,0.900884244792,0.230852256944
162,13,0.880221484375,0.263832465278
162,15,0.641931510417,0.426384375
162,16,0.454972135417,0.360434027778
162,17,0.658870703125,0.456729861111
164,9,0.596019270833,0.439607638889
164,11,0.87464453125,0.229716840278
164,12,0.904656380208,0.229228298611
164,13,0.869506380208,0.266328645833
164,15,0.653452734375,0.429763541667
164,16,0.4351609375,0.358177083333
164,17,0.6392953125,0.454598263889
166,9,0.602535807292,0.440681770833
166,11,0.879122395833,0.228652777778
166,12,0.908430729167,0.227606423611
166,13,0.858791927083,0.268824305556
166,15,0.666766015625,0.433083159722
166,16,0.415350911458,0.355920138889
166,17,0.6197234375,0.452465798611
168,9,0.609204296875,0.441851736111
168,11,0.88351171875,0.227591666667
168,12,0.912207291667,0.225981770833
168,13,0.848075911458,0.271320138889
168,15,0.682415104167,0.436282986111
168,16,0.395540364583,0.353663194444
168,17,0.600152994792,0.450332638889
170,9,0.61690078125,0.4436859375
170,11,0.887312760417,0.22656875
170,12,0.9159265625,0.224390625
170,13,0.837360026042,0.273818402778
170,15,0.699116666667,0.439431597222
170,16,0.375729166667,0.35140625
170,17,0.580582291667,0.448197048611
172,9,0.62687890625,0.446985590278
172,11,0.889809375,0.2256390625
172,12,0.919270963542,0.2230515625
172,13,0.826644140625,0.276315451389
172,15,0.71597265625,0.442573090278
172,16,0.355986197917,0.349150347222
172,17,0.561008854167,0.446061979167
174,9,0.63860859375,0.451408333333
174,11,0.891304557292,0.224783506944
174,12,0.921788671875,0.222266493056
174,13,0.815893229167,0.278834201389
174,15,0.732836979167,0.445716840278
174,16,0.336710677083,0.346896875
174,17,0.541430859375,0.443930208333
176,9,0.650815104167,0.456146006944
176,11,0.892535807292,0.223944618056
176,12,0.923672786458,0.221904340278
176,13,0.80490546875,0.281511805556
176,15,0.749844140625,0.448950694444
176,16,0.318476692708,0.344645138889
176,17,0.521936197917,0.441760416667
178,9,0.663304817708,0.461215451389
178,11,0.893751041667,0.223103993056
178,12,0.925389973958,0.221652256944
178,13,0.793385026042,0.284537847222
178,15,0.767383072917,0.452539756944
178,16,0.301044791667,0.342395833333
178,17,0.503289713542,0.439131423611
180,9,0.676768489583,0.467475
180,11,0.894965755208,0.222265625
180,12,0.927096354167,0.221406597222
180,13,0.781455729167,0.287830555556
180,15,0.785614583333,0.456589756944
180,16,0.283825130208,0.340145486111
180,17,0.48630859375,0.435291493056
182,9,0.6915,0.475284375
182,11,0.896180078125,0.221426909722
182,12,0.928802083333,0.221161631944
182,13,0.769418880208,0.291193055556
182,15,0.804160546875,0.460849131944
182,16,0.266618619792,0.337892708333
182,17,0.468312109375,0.430980381944
184,9,0.706802083333,0.483788368056
184,11,0.897362239583,0.220601215278
184,12,0.930491796875,0.220918055556
184,13,0.75737421875,0.294561805556
184,15,0.8227546875,0.465140451389
184,16,0.2494109375,0.335642361111
184,17,0.447413151042,0.427306597222
186,9,0.7221875,0.4923921875
186,11,0.898324088542,0.219893576389
186,12,0.931915625,0.220736111111
186,13,0.745315885417,0.297930555556
186,15,0.841177864583,0.469487673611
186,16,0.2322015625,0.333392013889
186,17,0.425397526042,0.4239640625
188,9,0.737572916667,0.500998958333
188,11,0.898796223958,0.219450520833
188,12,0.932328645833,0.220787847222
188,13,0.733023828125,0.301269791667
188,15,0.858522005208,0.474321527778
188,16,0.214992447917,0.331138368056
188,17,0.403322916667,0.420650173611
190,9,0.752958984375,0.509609375
190,11,0.898892057292,0.219208854167
190,12,0.9314203125,0.221140104167
190,13,0.719839973958,0.304505034722
190,15,0.873900390625,0.480693055556
190,16,0.197782421875,0.3288859375
190,17,0.381798828125,0.417247916667
192,9,0.768344661458,0.518219791667
192,11,0.898888411458,0.219018923611
192,12,0.929915755208,0.221627604167
192,13,0.705496614583,0.307609201389
192,15,0.888692057292,0.4892171875
192,16,0.180573307292,0.326634027778
192,17,0.362370963542,0.413509201389
194,9,0.783729947917,0.5268265625
194,11,0.898879036458,0.218832638889
194,12,0.928325,0.222134722222
194,13,0.690631770833,0.310654340278
194,15,0.9040359375,0.499057118056
194,16,0.163395703125,0.3243828125
194,17,0.3456796875,0.4093328125
196,9,0.799134765625,0.535442708333
196,11,0.8988,0.2186890625
196,12,0.926734895833,0.222641319444
196,13,0.675691536458,0.313689236111
196,15,0.919571875,0.509161979167
196,16,0.146712109375,0.322150173611
196,17,0.330220833333,0.404958506944
198,9,0.814854296875,0.544268055556
198,11,0.898249869792,0.218838368056
198,12,0.925143489583,0.223148611111
198,13,0.660750130208,0.316723784722
198,15,0.934708203125,0.518958506944
198,16,0.131900520833,0.319983333333
198,17,0.314940234375,0.400553125
200,9,0.831533854167,0.553913368056
200,11,0.896658723958,0.219632291667
200,12,0.923552604167,0.223655902778
200,13,0.645807552083,0.319758854167
200,15,0.948918880208,0.528025173611
200,16,0.119494661458,0.317905902778
200,17,0.299658203125,0.396147743056
202,9,0.848193098958,0.564815104167
202,11,0.89426796875,0.220919444444
202,12,0.921963411458,0.224165625
202,13,0.630835807292,0.322792361111
202,15,0.962067708333,0.536305381944
202,16,0.107944270833,0.315888194444
202,17,0.28432890625,0.391819097222
204,9,0.86171171875,0.576594444444
204,11,0.8916671875,0.2223375
204,12,0.920373307292,0.224676388889
204,13,0.615656770833,0.325822395833
204,15,0.9726296875,0.542931597222
204,16,0.096012109375,0.313919791667
204,17,0.268679557292,0.387995138889
206,9,0.87026484375,0.588135416667
206,11,0.88905546875,0.223765104167
206,12,0.918778385417,0.225192881944
206,13,0.600019401042,0.328842534722
206,16,0.083663671875,0.311986111111
206,17,0.252319661458,0.385283854167
208,9,0.8727140625,0.598170833333
208,11,0.886442057292,0.225192881944
208,12,0.917109114583,0.225846527778
208,13,0.584031119792,0.331853993056
208,16,0.0712061197917,0.3100609375
208,17,0.235412890625,0.383424826389
210,9,0.869581119792,0.606303472222
210,11,0.883828645833,0.226624305556
210,12,0.915155338542,0.227022048611
210,13,0.56794921875,0.334865104167
210,16,0.0587420572917,0.308133854167
210,17,0.218428515625,0.381800868056
212,9,0.859809375,0.611447743056
212,11,0.881216927083,0.228057638889
212,12,0.912831119792,0.228879340278
212,13,0.551861588542,0.337877951389
212,16,0.0462787760417,0.306210243056
212,17,0.201896744792,0.380267708333
214,9,0.842719010417,0.613098090278
214,11,0.878605338542,0.229489583333
214,12,0.910339713542,0.231044965278
214,13,0.535774609375,0.3408890625
214,16,0.0341466145833,0.304337152778
214,17,0.186389973958,0.378907291667
216,9,0.822358854167,0.6131828125
216,11,0.8760296875,0.230968055556
216,12,0.907825520833,0.233257638889
216,13,0.519605598958,0.343821180556
216,16,0.0242627604167,0.302807986111
216,17,0.171669401042,0.377678472222
218,9,0.801546223958,0.612787326389
218,11,0.873599088542,0.232637326389
218,12,0.905311328125,0.235472048611
218,13,0.502888932292,0.346223784722
218,17,0.157155989583,0.376484027778
220,9,0.780928255208,0.610700520833
220,11,0.871355859375,0.234556597222
220,12,0.902796354167,0.237684895833
220,13,0.484954296875,0.347444965278
220,17,0.142655208333,0.375290798611
222,9,0.760740364583,0.604861805556
222,11,0.869195703125,0.236588541667
222,12,0.90028359375,0.239895833333
222,13,0.4662046875,0.347712326389
222,17,0.128154166667,0.374097395833
224,1,0.94671328125,0.473836805556
224,9,0.740884375,0.596143402778
224,11,0.867049348958,0.238637673611
224,12,0.897772135417,0.242106423611
224,13,0.448034765625,0.347437847222
224,17,0.113810026042,0.3728890625
226,1,0.931370182292,0.465902083333
226,9,0.721116536458,0.586665798611
226,11,0.864903515625,0.240690451389
226,12,0.8952578125,0.2443171875
226,13,0.43168125,0.346482118056
226,17,0.100534765625,0.371582465278
228,1,0.913790104167,0.457924131944
228,9,0.701354166667,0.577144097222
228,11,0.86275546875,0.242749305556
228,12,0.892742057292,0.246527777778
228,13,0.416732942708,0.345014930556
228,17,0.0896361979167,0.370065277778
230,1,0.89569921875,0.450228472222
230,9,0.681698307292,0.567643229167
230,11,0.860609505208,0.244806423611
230,12,0.890227994792,0.248739583333
230,13,0.402156640625,0.343413020833
230,14,0.965728515625,0.592278298611
230,17,0.0806069010417,0.368394444444
232,1,0.87754296875,0.442584027778
232,9,0.662763932292,0.558280208333
232,11,0.858464453125,0.246857465278
232,12,0.887714713542,0.250953472222
232,13,0.387600260417,0.341805555556
232,14,0.952123828125,0.585500347222
232,17,0.0727759114583,0.366801215278
234,1,0.85941171875,0.434986458333
234,9,0.645426302083,0.549221527778
234,11,0.856316666667,0.24890625
234,12,0.885235286458,0.253159895833
234,13,0.373043229167,0.340198090278
234,14,0.936225260417,0.578418576389
234,17,0.067685546875,0.365657638889
236,1,0.841439583333,0.427724479167
236,9,0.629312109375,0.540395833333
236,11,0.854170442708,0.250954861111
236,12,0.882988541667,0.2553125
236,13,0.358489322917,0.338588541667
236,14,0.9205515625,0.572156770833
236,17,0.0661295572917,0.365099479167
238,1,0.823820572917,0.421210763889
238,9,0.613524348958,0.531632986111
238,11,0.852024479167,0.253003472222
238,12,0.881261848958,0.257348958333
238,13,0.343935026042,0.336978298611
238,14,0.905061067708,0.566178472222
238,17,0.066165234375,0.364805381944
240,1,0.806472916667,0.415271180556
240,9,0.597761328125,0.522880034722
240,11,0.849873046875,0.255041666667
240,12,0.879934765625,0.259295486111
240,13,0.329404947917,0.335366840278
240,14,0.88958203125,0.560221527778
240,17,0.0664346354167,0.364553645833
242,1,0.789231119792,0.4095453125
242,9,0.582042578125,0.514246354167
242,11,0.847709375,0.257008333333
242,12,0.878713151042,0.261218229167
242,13,0.315315755208,0.333745659722
242,14,0.874102864583,0.554266493056
242,17,0.0667036458333,0.364306944444
244,1,0.772204817708,0.404238888889
244,9,0.566489192708,0.5060734375
244,11,0.84551953125,0.2588125
244,12,0.877497786458,0.263139409722
244,13,0.302895182292,0.3320828125
244,14,0.85856796875,0.548274479167
244,17,0.0669055989583,0.364088541667
246,1,0.755638932292,0.399838715278
246,9,0.551153515625,0.498501215278
246,11,0.84330859375,0.260490798611
246,12,0.876266796875,0.265063194444
246,13,0.292651822917,0.3303640625
246,14,0.84215546875,0.541708680556
246,17,0.0668470052083,0.3639859375
248,1,0.739425130208,0.396130381944
248,9,0.535917317708,0.491198090278
248,11,0.841092057292,0.262137326389
248,12,0.874773958333,0.267039930556
248,13,0.283395703125,0.328615798611
248,14,0.822982291667,0.533507118056
248,17,0.0664493489583,0.364038194444
250,1,0.723304036458,0.392603993056
250,9,0.520696875,0.4839328125
250,11,0.838874739583,0.263780381944
250,12,0.872286979167,0.269221875
250,13,0.274327083333,0.326838541667
250,14,0.802046875,0.5249125
250,17,0.0659022135417,0.364162326389
252,1,0.707188541667,0.389090451389
252,9,0.505476953125,0.476669097222
252,11,0.836656640625,0.265425173611
252,12,0.86850078125,0.271672569444
252,13,0.265414973958,0.324974479167
252,14,0.782702734375,0.518402951389
252,17,0.0653352864583,0.3642953125
254,1,0.691073177083,0.385577083333
254,9,0.490256119792,0.469407291667
254,11,0.834423828125,0.267077951389
254,12,0.864129296875,0.274242708333
254,13,0.256706510417,0.322997569444
254,14,0.764692317708,0.5133203125
254,17,0.0647688802083,0.364427604167
256,1,0.674958203125,0.382062326389
256,9,0.475034375,0.46214375
256,11,0.83195703125,0.268831944444
256,12,0.859674609375,0.276827777778
256,13,0.248091927083,0.320972395833
256,14,0.746879427083,0.508938715278
256,17,0.0642024739583,0.364561631944
258,1,0.658843880208,0.378551041667
258,9,0.459867057292,0.454887673611
258,11,0.82860234375,0.270980381944
258,12,0.855221354167,0.279415451389
258,13,0.239494401042,0.318940625
258,14,0.728966015625,0.505603819444
258,17,0.0636360677083,0.364695659722
260,1,0.64272890625,0.3750421875
260,9,0.445053776042,0.447688368056
260,11,0.824088020833,0.273645138889
260,12,0.850782161458,0.282003125
260,13,0.230896744792,0.316907291667
260,14,0.710975130208,0.5030734375
260,17,0.0630696614583,0.364827951389
262,1,0.626613541667,0.371528993056
262,9,0.431053515625,0.440614930556
262,11,0.819051171875,0.276541319444
262,12,0.8465734375,0.284599479167
262,13,0.222295833333,0.314872048611
262,14,0.692962369792,0.500751909722
262,17,0.0625032552083,0.3649609375
264,1,0.610498177083,0.3680109375
264,9,0.418094401042,0.433685416667
264,11,0.813937109375,0.2794734375
264,12,0.843240625,0.287246006944
264,13,0.213694140625,0.312837326389
264,14,0.674946484375,0.498438541667
264,17,0.061936328125,0.365095486111
266,1,0.594384505208,0.364497569444
266,9,0.406953645833,0.426981770833
266,11,0.808823046875,0.282404513889
266,12,0.841052734375,0.289956076389
266,13,0.205094921875,0.310801909722
266,14,0.657028255208,0.496080729167
266,17,0.0613450520833,0.365222569444
268,1,0.578274739583,0.360987326389
268,9,0.39798515625,0.420545138889
268,11,0.803806510417,0.285331076389
268,12,0.839381510417,0.292692361111
268,13,0.196520182292,0.308785763889
268,14,0.639773307292,0.493428125
268,17,0.0603923177083,0.365252951389
270,1,0.562164973958,0.357473958333
270,9,0.389992057292,0.414229340278
270,11,0.799455338542,0.288230555556
270,12,0.837786458333,0.295433333333
270,13,0.18830859375,0.307065104167
270,14,0.623984505208,0.490114236111
270,17,0.0580799479167,0.364920138889
272,1,0.546051302083,0.353960416667
272,9,0.382163671875,0.407933854167
272,11,0.796577213542,0.291065798611
272,12,0.83619140625,0.298172222222
272,13,0.181480989583,0.306456770833
272,14,0.609317578125,0.486294097222
272,17,0.05399296875,0.364114409722
274,1,0.529941145833,0.350483159722
274,9,0.374670572917,0.401711111111
274,11,0.794826953125,0.293852256944
274,12,0.834596354167,0.300909375
274,13,0.176461588542,0.307297395833
274,14,0.594945182292,0.4823390625
274,17,0.0489764322917,0.363153125
276,1,0.513864973958,0.347228472222
276,9,0.368450390625,0.395769444444
276,11,0.793374609375,0.296627951389
276,12,0.833001302083,0.303649131944
276,13,0.172308203125,0.308794097222
276,14,0.58059296875,0.478370486111
276,17,0.0431471354167,0.362521180556
278,1,0.497863932292,0.344468576389
278,9,0.363910546875,0.39019375
278,11,0.791939322917,0.299401736111
278,12,0.83140625,0.306390104167
278,13,0.16908515625,0.310389930556
278,14,0.566243489583,0.474403645833
278,17,0.0368782552083,0.362559201389
280,1,0.481919791667,0.342090625
280,9,0.360473307292,0.384782986111
280,11,0.790504947917,0.302175868056
280,12,0.829811197917,0.309128993056
280,13,0.169017317708,0.312021527778
280,14,0.551917578125,0.470501041667
282,1,0.465991276042,0.339813715278
282,9,0.358487369792,0.379396701389
282,11,0.789071875,0.304949479167
282,12,0.828216145833,0.311867881944
282,13,0.1735109375,0.313912673611
282,14,0.537748177083,0.466995486111
284,1,0.450063411458,0.337543576389
284,9,0.358249348958,0.374011111111
284,11,0.78763828125,0.307722569444
284,12,0.82662109375,0.314608680556
284,13,0.181044401042,0.316386631944
284,14,0.52392734375,0.464364756944
286,1,0.434173307292,0.335323611111
286,9,0.358799088542,0.368629166667
286,11,0.78620546875,0.310497916667
286,12,0.825026041667,0.317348090278
286,13,0.189790364583,0.319308333333
286,14,0.51037421875,0.462403993056
288,1,0.418538541667,0.333438194444
288,9,0.359520963542,0.363260590278
288,11,0.7847734375,0.313271354167
288,12,0.823431119792,0.3200875
288,13,0.198785807292,0.322348263889
288,14,0.49695234375,0.460567881944
290,1,0.403471875,0.332296701389
290,9,0.361207421875,0.358059895833
290,11,0.783337369792,0.316059375
290,12,0.82185234375,0.322836805556
290,13,0.207796354167,0.325397222222
290,14,0.483954947917,0.458396527778
292,1,0.388840364583,0.331725694444
292,9,0.366548567708,0.353504166667
292,11,0.781873828125,0.319068402778
292,12,0.820527734375,0.3257265625
292,13,0.2168078125,0.328450520833
292,14,0.471890364583,0.455452604167
294,1,0.374322916667,0.331304166667
294,9,0.376652604167,0.349796527778
294,11,0.780307942708,0.322915277778
294,12,0.820162239583,0.329156076389
294,13,0.225973307292,0.331480729167
294,14,0.4605390625,0.451910590278
296,1,0.3598140625,0.330892013889
296,9,0.388905208333,0.346473090278
296,11,0.778695963542,0.327846354167
296,12,0.821048958333,0.333291145833
296,13,0.236170182292,0.334350694444
296,14,0.449374739583,0.448209375
298,1,0.345265364583,0.3305625
298,9,0.4014734375,0.343203125
298,11,0.777615885417,0.333175347222
298,12,0.822500390625,0.337743055556
298,13,0.24865234375,0.336875694444
298,14,0.438222526042,0.444496180556
300,1,0.33044296875,0.330795833333
300,9,0.414040755208,0.339933680556
300,11,0.777835677083,0.338360416667
300,12,0.824036458333,0.342242013889
300,13,0.262885546875,0.339141493056
300,14,0.427070442708,0.440781597222
302,1,0.31501640625,0.332275347222
302,9,0.426608072917,0.336668923611
302,11,0.779058333333,0.343378298611
302,12,0.825571875,0.346742361111
302,13,0.277578645833,0.341340625
302,14,0.415919010417,0.437068576389
304,1,0.299184765625,0.334715277778
304,9,0.439361848958,0.333437847222
304,11,0.780544921875,0.3483515625
304,12,0.827107161458,0.351240972222
304,13,0.292301953125,0.343534027778
304,14,0.404768489583,0.433359027778
306,1,0.284191145833,0.337470833333
306,9,0.453380989583,0.330449131944
306,11,0.782047916667,0.3533203125
306,12,0.828643359375,0.355738368056
306,13,0.307027994792,0.345727256944
306,14,0.393640234375,0.42965625
308,1,0.272829947917,0.340480555556
308,9,0.470208984375,0.328004861111
308,11,0.783552734375,0.358290104167
308,12,0.830178255208,0.360235416667
308,13,0.321754557292,0.347923611111
308,14,0.382910026042,0.426029513889
310,1,0.26622421875,0.343799826389
310,9,0.489193489583,0.325975868056
310,11,0.78505859375,0.3632625
310,12,0.831714453125,0.364731423611
310,13,0.336481119792,0.350119618056
310,14,0.373687760417,0.422697395833
312,1,0.262004427083,0.347209722222
312,9,0.50871875,0.324065277778
312,11,0.786564453125,0.368233854167
312,12,0.833249739583,0.369227951389
312,13,0.351219921875,0.352322743056
312,14,0.366429166667,0.419753472222
314,1,0.259782682292,0.350401215278
314,9,0.527828645833,0.322302256944
314,11,0.788069661458,0.3732046875
314,12,0.834784635417,0.373726388889
314,13,0.366042057292,0.354597743056
314,14,0.360219140625,0.417018923611
316,1,0.262162369792,0.353122048611
316,9,0.545233723958,0.321075868056
316,11,0.789574348958,0.378175520833
316,12,0.836319661458,0.378226736111
316,13,0.381050911458,0.357036631944
316,14,0.355241927083,0.414548784722
318,1,0.269744140625,0.355423958333
318,9,0.560417578125,0.320546527778
318,11,0.791100390625,0.383147916667
318,12,0.837854166667,0.382725694444
318,13,0.39620234375,0.359605381944
318,14,0.352818880208,0.412718923611
320,1,0.279681770833,0.3575375
320,9,0.57459921875,0.320329861111
320,11,0.793000651042,0.388165451389
320,12,0.839390234375,0.387224652778
320,13,0.411388541667,0.362213541667
320,14,0.353427083333,0.411937152778
322,1,0.290876953125,0.359440798611
322,9,0.588593619792,0.320186805556
322,11,0.796325911458,0.393361979167
322,12,0.841042708333,0.391714583333
322,13,0.426577604167,0.364823784722
322,14,0.358124609375,0.412626041667
324,1,0.30415546875,0.3609234375
324,9,0.602329296875,0.320228993056
324,11,0.801506770833,0.398791145833
324,12,0.843491276042,0.396132118056
324,13,0.44176875,0.367427951389
324,14,0.367123046875,0.414721354167
326,1,0.3190328125,0.362080381944
326,9,0.615492317708,0.320678993056
326,11,0.807524088542,0.404322743056
326,12,0.847707682292,0.400389583333
326,13,0.4569578125,0.370028472222
326,14,0.378307682292,0.417746180556
328,1,0.334333072917,0.363153819444
328,9,0.628142578125,0.321463715278
328,11,0.81366484375,0.409869965278
328,12,0.853280598958,0.404537673611
328,13,0.472146223958,0.372630555556
328,14,0.389952994792,0.421107291667
330,1,0.349659765625,0.364222743056
330,9,0.63945,0.322696180556
330,11,0.819805208333,0.415416493056
330,12,0.859256380208,0.408832291667
330,13,0.48733671875,0.375234375
330,14,0.401626822917,0.424518402778
332,1,0.364986067708,0.365290972222
332,9,0.646096744792,0.325313715278
332,11,0.825954947917,0.420965625
332,12,0.865426692708,0.413789583333
332,13,0.502525,0.377838194444
332,14,0.413309114583,0.4279359375
334,1,0.380311458333,0.366358506944
334,9,0.646517708333,0.329729340278
334,11,0.832248697917,0.426545833333
334,12,0.87181953125,0.419615104167
334,13,0.517711848958,0.380440277778
334,14,0.425156901042,0.431461458333
336,1,0.395636979167,0.367424479167
336,9,0.643125911458,0.334968402778
336,11,0.839088151042,0.432244791667
336,12,0.878314322917,0.425835243056
336,13,0.532901822917,0.383040625
336,14,0.43764375,0.435396527778
338,1,0.410962369792,0.368490972222
338,9,0.636943229167,0.340358506944
338,11,0.846641666667,0.438096354167
338,12,0.884827473958,0.432113368056
338,13,0.54809140625,0.385642708333
338,14,0.450966796875,0.439869791667
340,1,0.426287369792,0.369559895833
340,9,0.628779817708,0.345687847222
340,11,0.854521484375,0.44401875
340,12,0.891340625,0.438389236111
340,13,0.563279557292,0.388246527778
340,14,0.464660416667,0.444591666667
342,1,0.441612369792,0.370629340278
342,9,0.619124348958,0.350446527778
342,11,0.862449479167,0.449952256944
342,12,0.897902083333,0.444636979167
342,13,0.57846953125,0.390850347222
342,14,0.478333203125,0.449439583333
344,1,0.4569390625,0.371698090278
344,9,0.607204947917,0.353926909722
344,11,0.870373567708,0.455886458333
344,12,0.904812890625,0.450688020833
344,13,0.593659114583,0.393452430556
344,14,0.491726041667,0.454637673611
346,1,0.472311067708,0.372743923611
346,9,0.593569791667,0.356427430556
346,11,0.878295572917,0.461822916667
346,12,0.912502083333,0.456299305556
346,13,0.608951302083,0.396062326389
346,14,0.504754166667,0.460293923611
348,1,0.487985546875,0.373644791667
348,9,0.579482682292,0.358669097222
348,11,0.886217708333,0.467760416667
348,12,0.920788802083,0.461571875
348,13,0.624948828125,0.398736805556
348,14,0.5176171875,0.466154513889
350,1,0.50433515625,0.374228125
350,9,0.565369140625,0.360897569444
350,11,0.894141145833,0.473697916667
350,12,0.929233984375,0.466753645833
350,13,0.64250859375,0.401551909722
350,14,0.530440234375,0.472028125
352,1,0.521204166667,0.374566319444
352,9,0.551269140625,0.363111458333
352,11,0.902067578125,0.479635416667
352,12,0.937688802083,0.471931770833
352,13,0.661247395833,0.404478645833
352,14,0.543158723958,0.477786284722
354,1,0.53820859375,0.374837152778
354,9,0.537387239583,0.365074826389
354,11,0.90999609375,0.485572916667
354,12,0.946142838542,0.477115625
354,13,0.679997786458,0.407467013889
354,14,0.555645052083,0.483284722222
356,1,0.5552203125,0.375100173611
356,9,0.52433515625,0.366098090278
356,11,0.917921354167,0.491510416667
356,12,0.954595182292,0.482298784722
356,13,0.697613802083,0.4105828125
356,14,0.568018229167,0.488581944444
358,1,0.572208723958,0.375349826389
358,9,0.512365755208,0.365892534722
358,11,0.92584375,0.497447916667
358,12,0.962821484375,0.487340451389
358,13,0.713723958333,0.413864236111
358,14,0.580794791667,0.493796354167
360,1,0.58884453125,0.375326215278
360,9,0.500884635417,0.365131770833
360,11,0.933766276042,0.503385416667
360,12,0.969522005208,0.491446527778
360,13,0.729153645833,0.4172171875
360,14,0.594568880208,0.498933854167
362,1,0.60437578125,0.374209895833
362,9,0.489476041667,0.364292013889
362,11,0.941650651042,0.509293402778
362,13,0.744483203125,0.420577951389
362,14,0.609108072917,0.504010243056
364,1,0.618839322917,0.371605555556
364,9,0.478028125,0.363512152778
364,11,0.948893229167,0.514719097222
364,13,0.759814453125,0.423941666667
364,14,0.623844401042,0.509068576389
366,1,0.632536328125,0.368428472222
366,9,0.466317447917,0.363147395833
366,11,0.953702994792,0.5183203125
366,13,0.775165494792,0.427325694444
366,14,0.63859296875,0.514125347222
368,1,0.644788151042,0.365507118056
368,9,0.454025130208,0.363705208333
368,13,0.790644791667,0.430822743056
368,14,0.653359375,0.519182986111
370,1,0.655919010417,0.362741319444
370,9,0.4412890625,0.364969270833
370,13,0.806408333333,0.434568576389
370,14,0.668341796875,0.524270486111
372,1,0.66690625,0.359508333333
372,9,0.4284375,0.366419270833
372,13,0.822390755208,0.438506597222
372,14,0.684137369792,0.529473611111
374,1,0.678094010417,0.355566840278
374,9,0.415580078125,0.367880555556
374,13,0.838433854167,0.442500520833
374,14,0.700994921875,0.534828125
376,1,0.689413411458,0.351289583333
376,9,0.402723307292,0.369341666667
376,13,0.854479166667,0.4465
376,14,0.718385416667,0.540300694444
378,1,0.700954036458,0.346865798611
378,9,0.389984114583,0.370915798611
378,13,0.870524609375,0.450499826389
378,14,0.736215755208,0.546117013889
380,1,0.712921223958,0.342224305556
380,9,0.378042838542,0.373256076389
380,13,0.886571875,0.454498611111
380,14,0.754866015625,0.5526734375
382,1,0.724756640625,0.337422916667
382,9,0.36787421875,0.377296354167
382,13,0.902618229167,0.458493055556
382,14,0.774144010417,0.559799305556
384,1,0.734855729167,0.332601736111
384,9,0.359405859375,0.382626041667
384,13,0.918665364583,0.462486458333
384,14,0.793587239583,0.567076041667
386,1,0.742577083333,0.327807638889
386,9,0.353587109375,0.3882
386,13,0.93473828125,0.466493576389
386,14,0.813039583333,0.574361979167
388,1,0.74922421875,0.323028819444
388,9,0.352866927083,0.393575868056
388,13,0.951139192708,0.470620138889
388,14,0.832490234375,0.581647916667
390,1,0.755712630208,0.318253819444
390,9,0.356042057292,0.398785763889
390,13,0.967456770833,0.474827604167
390,14,0.851940885417,0.588933680556
392,1,0.762200520833,0.313477777778
392,9,0.3602453125,0.403948958333
392,13,0.979350651042,0.477973611111
392,14,0.871262890625,0.596109895833
394,1,0.768688411458,0.308701909722
394,9,0.3645125,0.409106597222
394,14,0.889700390625,0.602546701389
396,1,0.775028125,0.303989409722
396,9,0.368809375,0.41426875
396,14,0.906172395833,0.607346701389
398,1,0.780358854167,0.2997109375
398,9,0.373309895833,0.419444444444
398,14,0.921134765625,0.610889930556
400,1,0.782621354167,0.296554861111
400,9,0.37877265625,0.424705555556
400,14,0.935312109375,0.614016145833
402,1,0.779255859375,0.295036458333
402,9,0.386918229167,0.430120833333
402,14,0.946842317708,0.616544444444
404,1,0.771318229167,0.295248263889
404,9,0.396828385417,0.434740625
406,1,0.766071223958,0.296065625
406,9,0.402434765625,0.436602604167
408,1,0.764212890625,0.296775347222
408,9,0.403532552083,0.4362
410,1,0.762934375,0.297442013889
410,9,0.403448046875,0.4352046875
412,1,0.760248828125,0.298327951389
412,9,0.403333984375,0.434200520833
414,1,0.754781770833,0.300053645833
414,9,0.4033421875,0.4333375
416,1,0.748480078125,0.3030703125
416,9,0.403621223958,0.432785416667
418,1,0.741378645833,0.306644618056
418,9,0.404110286458,0.432471527778
420,1,0.732400390625,0.310115451389
420,9,0.404653776042,0.432222569444
422,1,0.722943619792,0.313645833333
422,9,0.405199609375,0.431979166667
422,10,0.976460546875,0.577926215278
424,1,0.714379557292,0.317711631944
424,9,0.405744921875,0.431735069444
424,10,0.964655338542,0.571578645833
426,1,0.707043359375,0.322479861111
426,9,0.406290234375,0.431488715278
426,10,0.950650651042,0.564991840278
428,1,0.700269140625,0.327561631944
428,9,0.406837369792,0.431242361111
428,10,0.934365234375,0.559343576389
430,1,0.693711067708,0.332678819444
430,9,0.407383984375,0.430998263889
430,10,0.916272526042,0.554187847222
432,1,0.687659375,0.337748090278
432,9,0.4079296875,0.430755555556
432,10,0.897627083333,0.549131770833
434,1,0.682265885417,0.342752083333
434,9,0.408474869792,0.430514583333
434,10,0.878924739583,0.544084375
436,1,0.677168098958,0.347727604167
436,9,0.409019791667,0.430275347222
436,10,0.860220963542,0.539037152778
438,1,0.672116276042,0.352701041667
438,9,0.409565494792,0.430034375
438,10,0.841544010417,0.533988020833
440,1,0.667066276042,0.357676215278
440,9,0.410111588542,0.429791666667
440,10,0.823286197917,0.528868923611
442,1,0.662134895833,0.362652430556
442,9,0.410658984375,0.429547569444
442,10,0.806616536458,0.523484895833
444,1,0.65801796875,0.367650694444
444,9,0.411402994792,0.42934375
444,10,0.792161979167,0.517900347222
446,1,0.655709895833,0.372697569444
446,9,0.413484635417,0.429428125
446,10,0.779303515625,0.512862673611
448,1,0.654790364583,0.377777777778
448,9,0.418532682292,0.430153645833
448,10,0.767227083333,0.508602083333
450,1,0.654460546875,0.382967881944
450,9,0.425855078125,0.4313703125
450,10,0.754585546875,0.503975
452,1,0.65566015625,0.388857465278
452,9,0.433801822917,0.432728472222
452,10,0.741314192708,0.498803993056
454,1,0.660199739583,0.396296701389
454,9,0.442183072917,0.434323784722
454,10,0.727904557292,0.493505034722
456,1,0.667299348958,0.4049234375
456,9,0.45207421875,0.436794791667
456,10,0.714494140625,0.488206770833
458,1,0.675072135417,0.413863194444
458,9,0.463931510417,0.4404078125
458,10,0.701083463542,0.482907986111
460,1,0.682887369792,0.422823611111
460,9,0.476674869792,0.444537673611
460,10,0.687673046875,0.477609548611
462,1,0.690713020833,0.431780729167
462,9,0.489603125,0.448737326389
462,10,0.674262369792,0.472312326389
464,1,0.69870546875,0.4406546875
464,9,0.502897005208,0.452912152778
464,10,0.660714453125,0.466948090278
466,1,0.707337369792,0.449218229167
466,2,0.940792447917,0.645947222222
466,9,0.517003515625,0.457038368056
466,10,0.646235026042,0.461137673611
468,1,0.716799609375,0.457379513889
468,2,0.92563984375,0.634962847222
468,9,0.5317359375,0.461125347222
468,10,0.629854427083,0.454431944444
470,1,0.726633984375,0.465357465278
470,2,0.907162630208,0.621631944444
470,9,0.546635546875,0.465199826389
470,10,0.613013932292,0.447593055556
472,1,0.736523828125,0.473305729167
472,2,0.88900859375,0.608963368056
472,9,0.561542317708,0.469287673611
472,10,0.598247916667,0.4419359375
474,1,0.746414583333,0.481257118056
474,2,0.872697526042,0.598580902778
474,9,0.57640078125,0.473608333333
474,10,0.585365234375,0.437326388889
476,1,0.756306770833,0.489210763889
476,2,0.857800911458,0.589950520833
476,9,0.591084244792,0.478811979167
476,10,0.572983723958,0.432999131944
478,1,0.766197526042,0.497165798611
478,2,0.843274479167,0.58178125
478,9,0.605541927083,0.485169618056
478,10,0.560632682292,0.428688368056
480,1,0.776087369792,0.505120833333
480,2,0.828769791667,0.573640277778
480,9,0.619899088542,0.492048611111
480,10,0.548284375,0.424377604167
482,1,0.785937890625,0.513055381944
482,2,0.814266666667,0.565500520833
482,9,0.634240364583,0.4990046875
482,10,0.535931510417,0.420077430556
484,1,0.795148307292,0.52070625
484,2,0.800011197917,0.557396006944
484,9,0.6485546875,0.506028472222
484,10,0.523463411458,0.4159359375
486,1,0.801928515625,0.527294444444
486,2,0.787443489583,0.54953125
486,9,0.662692838542,0.5135140625
486,10,0.510563541667,0.412390104167
488,1,0.805539583333,0.532494270833
488,2,0.778622526042,0.542201736111
488,9,0.676440104167,0.522025868056
488,10,0.497102213542,0.409623784722
490,1,0.807720182292,0.537067708333
490,2,0.772683072917,0.535285590278
490,9,0.689885807292,0.531327083333
490,10,0.483389192708,0.407210590278
492,1,0.809688671875,0.541548611111
492,2,0.767625260417,0.528504861111
492,9,0.703249739583,0.5408328125
492,10,0.469639322917,0.404850868056
494,1,0.811658463542,0.546028645833
494,2,0.763092057292,0.521844791667
494,9,0.716639322917,0.550350520833
494,10,0.455888020833,0.402488888889
496,1,0.813629557292,0.5505078125
496,2,0.7591875,0.515336284722
496,9,0.73051640625,0.559874131944
496,10,0.442138151042,0.400125347222
498,1,0.815597005208,0.554962326389
498,2,0.755567578125,0.5088953125
498,9,0.746235546875,0.569397916667
498,10,0.428388020833,0.397762673611
500,1,0.817502734375,0.558999131944
500,2,0.751971875,0.502469097222
500,9,0.7643546875,0.578916840278
500,10,0.414732942708,0.395402777778
502,1,0.819176302083,0.561449826389
502,2,0.748091927083,0.496197222222
502,9,0.783684244792,0.588454166667
502,10,0.401731380208,0.393059201389
504,1,0.820548567708,0.561834201389
504,2,0.7431296875,0.490526736111
504,9,0.80405234375,0.5981046875
504,10,0.390180078125,0.390745138889
504,18,0.976380989583,0.493597395833
506,1,0.821786067708,0.561284722222
506,2,0.736757682292,0.48564375
506,4,0.932951822917,0.877867361111
506,9,0.82637265625,0.608004166667
506,10,0.379741927083,0.388452430556
506,18,0.966131119792,0.489419965278
508,1,0.823007291667,0.560597743056
508,2,0.729751041667,0.481115451389
508,4,0.903973307292,0.872278819444
508,9,0.850189453125,0.618097222222
508,10,0.369597395833,0.386167534722
508,18,0.95361015625,0.4841359375
510,1,0.824227864583,0.559912847222
510,2,0.722429036458,0.476565625
510,4,0.868405729167,0.865421180556
510,9,0.874399609375,0.628239236111
510,10,0.359471614583,0.383883680556
510,18,0.940884895833,0.478362847222
512,1,0.825444791667,0.559227083333
512,2,0.713598307292,0.471514583333
512,4,0.831866666667,0.858378298611
512,9,0.898635286458,0.638385416667
512,10,0.349344921875,0.381598958333
512,18,0.928268489583,0.472321527778
514,1,0.826660677083,0.558540625
514,2,0.701618229167,0.465374479167
514,4,0.795326432292,0.851339236111
514,9,0.922751432292,0.648481076389
514,10,0.33922421875,0.379315104167
514,18,0.915684505208,0.466208333333
516,1,0.827886588542,0.557871006944
516,2,0.688400911458,0.458560069444
516,4,0.758786328125,0.844300868056
516,9,0.944904817708,0.6577515625
516,10,0.329194140625,0.377050520833
516,18,0.903105208333,0.460091145833
518,1,0.82923515625,0.557469965278
518,2,0.677453515625,0.451924479167
518,4,0.722246484375,0.837257465278
518,9,0.959622005208,0.663907465278
518,10,0.319507682292,0.374862326389
518,18,0.890525520833,0.453974131944
520,1,0.831035026042,0.558089930556
520,2,0.66872578125,0.445585069444
520,4,0.685740625,0.830215798611
520,10,0.310270833333,0.372775868056
520,18,0.878090104167,0.447838368056
522,1,0.83342265625,0.5600390625
522,2,0.660591796875,0.439329166667
522,4,0.649777604167,0.823225520833
522,10,0.301236979167,0.370734201389
522,18,0.866642057292,0.441568055556
524,1,0.836077213542,0.562587326389
524,2,0.652490755208,0.433080902778
524,4,0.615880729167,0.816430034722
524,10,0.292233072917,0.368698784722
524,18,0.857380859375,0.434994618056
526,1,0.838773046875,0.565225694444
526,2,0.644392057292,0.426829513889
526,4,0.584678645833,0.809888715278
526,10,0.283229557292,0.366662326389
526,18,0.849794270833,0.428190625
528,1,0.841467317708,0.5678640625
528,2,0.636296614583,0.420575347222
528,3,0.533344921875,0.850809375
528,4,0.5546875,0.803461284722
528,10,0.274227734375,0.3646265625
528,18,0.842651432292,0.421326736111
530,1,0.844161979167,0.570500694444
530,2,0.628201302083,0.414322916667
530,3,0.505381119792,0.840990277778
530,4,0.524874869792,0.797050868056
530,10,0.265226822917,0.362592361111
530,18,0.83556484375,0.414500347222
532,1,0.846857682292,0.573138194444
532,2,0.62011796875,0.408116840278
532,3,0.471054557292,0.828939930556
532,4,0.495063932292,0.790640104167
532,10,0.256224869792,0.360556770833
532,18,0.828869010417,0.408150173611
534,1,0.849551822917,0.575777777778
534,2,0.612125260417,0.402198611111
534,3,0.435790755208,0.816565798611
534,4,0.46565234375,0.78430625
534,10,0.247221484375,0.358521527778
534,18,0.823522265625,0.402911458333
536,1,0.852129947917,0.578503472222
536,2,0.604338541667,0.396917881944
536,3,0.400879817708,0.804401736111
536,4,0.438964713542,0.778492534722
536,10,0.238240494792,0.356493402778
536,18,0.819661197917,0.397681597222
538,1,0.853915755208,0.581814583333
538,2,0.596710416667,0.392129861111
538,3,0.368351302083,0.793666493056
538,4,0.418316666667,0.7738328125
538,10,0.229420963542,0.354507291667
538,18,0.816261458333,0.391350520833
540,1,0.853953125,0.586422569444
540,2,0.589124609375,0.387471006944
540,3,0.341108984375,0.786111631944
540,4,0.402298958333,0.770056597222
540,10,0.220957942708,0.352614583333
540,18,0.81287109375,0.384544097222
542,1,0.852767447917,0.591980555556
542,2,0.581541796875,0.38281875
542,3,0.318177083333,0.781018923611
542,4,0.387524739583,0.766530902778
542,10,0.212769140625,0.350791145833
542,18,0.80947265625,0.3776953125
544,1,0.851686328125,0.597621875
544,2,0.573958854167,0.378168229167
544,3,0.29805,0.776715972222
544,4,0.373172786458,0.763365277778
544,10,0.204653125,0.348984375
544,18,0.80607421875,0.370844791667
546,1,0.851178645833,0.603046527778
546,2,0.566375390625,0.373517013889
546,3,0.281910286458,0.772769097222
546,4,0.360135416667,0.761528125
546,10,0.196456640625,0.347256597222
546,18,0.80267578125,0.364102951389
548,1,0.850938020833,0.608342361111
548,2,0.558792317708,0.368866840278
548,3,0.269989322917,0.769009027778
548,4,0.348804817708,0.761468923611
548,10,0.187699348958,0.346042361111
548,18,0.79927734375,0.358106423611
550,1,0.850748046875,0.613198958333
550,2,0.551209505208,0.364215798611
550,3,0.263667578125,0.765090104167
550,4,0.338138411458,0.762954340278
550,10,0.177697526042,0.345961805556
550,18,0.79587890625,0.353763194444
552,1,0.850600130208,0.616447048611
552,2,0.543625260417,0.359563541667
552,3,0.263674348958,0.760883506944
552,4,0.327170963542,0.767454513889
552,10,0.166740234375,0.346755034722
552,18,0.79248046875,0.350686979167
554,1,0.8505078125,0.6176
554,2,0.536039453125,0.354913020833
554,3,0.2665109375,0.756546180556
554,4,0.315691666667,0.77571875
554,10,0.155530598958,0.347781423611
554,18,0.78908203125,0.347942534722
556,1,0.850437890625,0.617810590278
556,2,0.528454947917,0.350261805556
556,3,0.269767317708,0.752191840278
556,4,0.304424609375,0.785480208333
556,10,0.144229557292,0.348833159722
556,18,0.785761197917,0.345284548611
558,1,0.850370572917,0.617884027778
558,2,0.520871484375,0.345611631944
558,3,0.273025651042,0.7478375
558,4,0.294847135417,0.794724479167
558,10,0.132412109375,0.349980729167
558,18,0.782966536458,0.3430859375
560,1,0.850305989583,0.617956944444
560,2,0.513288802083,0.340960763889
560,3,0.27628125,0.743481423611
560,4,0.287520963542,0.802968923611
560,10,0.119447916667,0.3513484375
560,18,0.781338932292,0.3419078125
562,1,0.85024140625,0.618030555556
562,2,0.505560026042,0.336402430556
562,3,0.279536197917,0.7391265625
562,4,0.281212890625,0.810763368056
562,10,0.105603385417,0.352884548611
562,18,0.780574739583,0.341532986111
564,1,0.850173567708,0.618102777778
564,2,0.496842447917,0.332479861111
564,3,0.282793619792,0.734772743056
564,4,0.275056770833,0.818490104167
564,10,0.0915260416667,0.354464756944
564,18,0.779518880208,0.341674479167
566,1,0.850105859375,0.618172743056
566,2,0.485932552083,0.329959027778
566,3,0.28605,0.730416666667
566,4,0.268899479167,0.826218055556
566,10,0.077433984375,0.356047395833
566,18,0.776476171875,0.342998784722
568,1,0.850041276042,0.6182421875
568,2,0.473338802083,0.328513194444
568,3,0.289304427083,0.726060069444
568,4,0.262740885417,0.833945138889
568,10,0.0633421875,0.357629513889
568,18,0.771052994792,0.345846354167
570,1,0.849976692708,0.618311631944
570,2,0.460300651042,0.327352951389
570,3,0.29256171875,0.721705729167
570,4,0.256686458333,0.841647569444
570,10,0.0492513020833,0.359210763889
570,18,0.76599453125,0.349371527778
572,1,0.849909244792,0.618381076389
572,2,0.447237109375,0.326212152778
572,3,0.295819661458,0.717351388889
572,4,0.252357161458,0.848934027778
572,10,0.0355256510417,0.360820833333
572,18,0.764180598958,0.352977083333
574,1,0.849843098958,0.618450520833
574,2,0.434172786458,0.325070486111
574,3,0.299190755208,0.712977083333
574,4,0.254563802083,0.854644444444
574,10,0.0242973958333,0.362466666667
574,18,0.764991666667,0.356566666667
576,1,0.849779296875,0.6185203125
576,2,0.421107161458,0.323927777778
576,3,0.304486197917,0.708310069444
576,4,0.265286328125,0.858301041667
576,5,0.941881380208,0.494511805556
576,10,0.01866640625,0.363779166667
576,18,0.766750260417,0.360216493056
578,1,0.849713151042,0.618591840278
578,2,0.408042838542,0.322786458333
578,3,0.317079947917,0.702535243056
578,4,0.279848567708,0.861034201389
578,5,0.92748203125,0.488938541667
578,18,0.770276692708,0.364303993056
580,1,0.849645703125,0.618665104167
580,2,0.394979296875,0.321645138889
580,3,0.339183854167,0.695315625
580,4,0.294869010417,0.863626041667
580,5,0.911809895833,0.482872048611
580,18,0.777629296875,0.369362847222
582,1,0.849581119792,0.618736631944
582,2,0.3819140625,0.320502430556
582,3,0.365577083333,0.687441840278
582,4,0.309148958333,0.866173090278
582,5,0.896060807292,0.476775694444
582,18,0.787917838542,0.375168402778
584,1,0.849516796875,0.618806423611
584,2,0.368848828125,0.319360243056
584,3,0.3926171875,0.679474479167
584,4,0.321785416667,0.868614236111
584,5,0.880310026042,0.470680902778
584,18,0.798994010417,0.38121875
586,1,0.849450260417,0.618875868056
586,2,0.355785286458,0.3182171875
586,3,0.419873567708,0.671586979167
586,4,0.33316328125,0.870975347222
586,5,0.864558463542,0.464585069444
586,18,0.810208072917,0.387600347222
588,1,0.849385026042,0.6189453125
588,2,0.342720963542,0.317073784722
588,3,0.447947395833,0.663993055556
588,4,0.344178125,0.873300868056
588,5,0.848808072917,0.458490972222
588,18,0.82162734375,0.394693402778
590,1,0.849321354167,0.619014756944
590,2,0.329654947917,0.315933159722
590,3,0.477089973958,0.656783854167
590,4,0.354641536458,0.875376736111
590,5,0.8330578125,0.452395659722
590,18,0.833204947917,0.402334375
592,1,0.849255208333,0.619084201389
592,2,0.316588932292,0.314792534722
592,3,0.506716536458,0.649750173611
592,4,0.36314375,0.876510590278
592,5,0.817306901042,0.446299479167
592,18,0.844825651042,0.410116319444
594,1,0.849187890625,0.619153645833
594,2,0.303524609375,0.313649131944
594,3,0.536382161458,0.642744965278
594,4,0.369791536458,0.876417881944
594,5,0.801555208333,0.440203993056
594,18,0.856492838542,0.417915972222
596,1,0.849123307292,0.619223090278
596,2,0.290461067708,0.312506597222
596,3,0.565509895833,0.635838715278
596,4,0.378127083333,0.875776041667
596,5,0.785804427083,0.434108506944
596,18,0.868330338542,0.425767361111
598,1,0.849058723958,0.619293576389
598,2,0.277395833333,0.311366666667
598,3,0.592602083333,0.629308333333
598,4,0.390020572917,0.875053993056
598,5,0.770055338542,0.428012326389
598,18,0.880392317708,0.433689756944
600,1,0.848991276042,0.619366840278
600,2,0.26435078125,0.3102265625
600,3,0.617039583333,0.623262152778
600,4,0.403597916667,0.874330555556
600,5,0.754376171875,0.421942881944
600,18,0.892554947917,0.441644097222
602,1,0.848925130208,0.619442361111
602,2,0.251641015625,0.309110416667
602,3,0.640280338542,0.617434895833
602,4,0.417426171875,0.8736078125
602,5,0.739169791667,0.416049131944
602,18,0.904731510417,0.4496
604,1,0.848861328125,0.619516493056
604,2,0.240196223958,0.308094618056
604,3,0.663346484375,0.611639930556
604,4,0.43125546875,0.872885243056
604,5,0.725013932292,0.410539583333
604,18,0.916907942708,0.457554513889
606,1,0.848795052083,0.6195875
606,2,0.230399479167,0.307207986111
606,3,0.686412630208,0.605844444444
606,4,0.4450828125,0.872163020833
606,5,0.711664453125,0.405327951389
606,18,0.929083984375,0.465512326389
608,1,0.848726692708,0.619657118056
608,2,0.221345572917,0.306380902778
608,3,0.709407942708,0.600033159722
608,4,0.458909505208,0.871441840278
608,5,0.698528125,0.400197569444
608,18,0.941201822917,0.473433159722
610,1,0.848660416667,0.6197265625
610,2,0.212428515625,0.305567881944
610,3,0.731229166667,0.593938888889
610,4,0.472735807292,0.870720833333
610,5,0.685405078125,0.395069270833
610,6,0.0317678385417,0.376719618056
610,18,0.952333333333,0.480708680556
612,1,0.848596484375,0.619796006944
612,2,0.203951692708,0.304825694444
612,3,0.748586328125,0.586773958333
612,4,0.48650546875,0.869990277778
612,5,0.672249869792,0.3899625
612,6,0.04293984375,0.374809201389
612,18,0.959726432292,0.485538715278
614,1,0.848165494792,0.619624652778
614,2,0.197149869792,0.304354340278
614,3,0.759821614583,0.578290625
614,4,0.499350260417,0.869149826389
614,5,0.659077213542,0.384938715278
614,6,0.0566536458333,0.372459548611
616,1,0.84525703125,0.617821354167
616,2,0.192531119792,0.304234201389
616,3,0.76731171875,0.569427604167
616,4,0.508680338542,0.867890798611
616,5,0.646273177083,0.380065798611
616,6,0.0707421875,0.370045138889
618,1,0.836857161458,0.612399652778
618,2,0.18889609375,0.3042734375
618,3,0.773590625,0.560388715278
618,4,0.513376953125,0.866027083333
618,5,0.634045703125,0.375602083333
618,6,0.08483125,0.367630902778
620,1,0.824240885417,0.604199305556
620,2,0.185404427083,0.3043359375
620,3,0.780924609375,0.550414930556
620,4,0.515183072917,0.862954513889
620,5,0.621919921875,0.3716390625
620,6,0.098923046875,0.365216319444
622,1,0.81050078125,0.595249652778
622,2,0.181911848958,0.3043984375
622,3,0.789527473958,0.5396109375
622,4,0.513563541667,0.856222048611
622,5,0.609743880208,0.367852083333
622,6,0.113017057292,0.362802083333
624,1,0.796507942708,0.5860328125
624,2,0.178420182292,0.3044609375
624,3,0.798494791667,0.528584201389
624,4,0.507955859375,0.8452046875
624,5,0.597556901042,0.364082118056
624,6,0.127108854167,0.360387847222
626,1,0.781800651042,0.575959027778
626,2,0.174927864583,0.304522569444
626,3,0.807484375,0.517543229167
626,4,0.50083359375,0.833853125
626,5,0.58537109375,0.360310416667
626,6,0.141197916667,0.357974826389
628,1,0.766160416667,0.564769270833
628,2,0.171437890625,0.304584201389
628,3,0.816474609375,0.506499479167
628,4,0.493857291667,0.824546006944
628,5,0.573185286458,0.356540277778
628,6,0.155286458333,0.355563368056
630,1,0.750161848958,0.553168402778
630,2,0.168083072917,0.304674652778
630,3,0.825465494792,0.495451736111
630,4,0.487068489583,0.816305381944
630,5,0.560996484375,0.352782465278
630,6,0.169375,0.353149479167
632,1,0.734525911458,0.542099131944
632,2,0.16562578125,0.304954166667
632,3,0.834455729167,0.484405729167
632,4,0.480309375,0.808222569444
632,5,0.548778776042,0.349217013889
632,6,0.1834640625,0.350734375
634,1,0.719830598958,0.532383333333
634,2,0.165159765625,0.305653298611
634,3,0.843214973958,0.473471527778
634,4,0.473832161458,0.800310590278
634,5,0.536452994792,0.346377083333
634,6,0.197548828125,0.348321701389
636,1,0.705857682292,0.523710069444
636,2,0.166222265625,0.306673784722
636,3,0.850425130208,0.46325625
636,4,0.469257682292,0.793567013889
636,5,0.523987369792,0.344480381944
636,6,0.211519661458,0.345932986111
638,1,0.692076822917,0.515310243056
638,2,0.167688932292,0.307778298611
638,3,0.854208203125,0.454635416667
638,4,0.468901302083,0.789410590278
638,5,0.511460286458,0.343011458333
638,6,0.225047135417,0.343634027778
640,1,0.678336067708,0.506925
640,2,0.169180078125,0.308889756944
640,3,0.855360416667,0.447242361111
640,4,0.471580078125,0.787127083333
640,5,0.498922526042,0.341605208333
640,6,0.2379984375,0.341448611111
642,1,0.665064583333,0.4985765625
642,2,0.170873828125,0.310013715278
642,3,0.855817578125,0.440175520833
642,4,0.473748046875,0.784594444444
642,5,0.486384375,0.3401984375
642,6,0.250693359375,0.339315277778
644,1,0.653578255208,0.490369965278
644,2,0.173929166667,0.311212847222
644,3,0.856233203125,0.433124479167
644,4,0.472934114583,0.780376041667
644,5,0.47384609375,0.338792881944
644,6,0.263350260417,0.337192013889
646,1,0.644445963542,0.482342708333
646,2,0.180004296875,0.312578645833
646,3,0.856617578125,0.426075347222
646,4,0.469790234375,0.774844965278
646,5,0.461315494792,0.3373609375
646,6,0.276005208333,0.335069791667
648,1,0.636791276042,0.474396006944
648,2,0.188396875,0.314074652778
648,3,0.856495182292,0.419092534722
648,4,0.466031510417,0.768973263889
648,5,0.44887109375,0.335875347222
648,6,0.288662109375,0.332946354167
650,1,0.630905338542,0.466460590278
650,2,0.197398697917,0.3156078125
650,3,0.854452213542,0.412342361111
650,4,0.462210677083,0.763082986111
650,5,0.436669401042,0.334572048611
650,6,0.301329557292,0.330822743056
652,1,0.627120052083,0.458525868056
652,2,0.206435546875,0.317144965278
652,3,0.849904817708,0.405888194444
652,4,0.458005989583,0.757255381944
652,5,0.424724609375,0.333797395833
652,6,0.314170703125,0.328747222222
654,1,0.624301041667,0.450593923611
654,2,0.215472395833,0.318682986111
654,3,0.844227864583,0.399569965278
654,4,0.452347786458,0.751687326389
654,5,0.412881119792,0.333341493056
654,6,0.327680859375,0.326852083333
656,1,0.621911588542,0.4426984375
656,2,0.224572265625,0.320229513889
656,3,0.838385416667,0.393276388889
656,4,0.444743489583,0.746454861111
656,5,0.401051432292,0.332947569444
656,6,0.342062890625,0.3251890625
658,1,0.620618619792,0.434940451389
658,2,0.234088151042,0.321841145833
658,3,0.832482682292,0.386939756944
658,4,0.435407942708,0.741273611111
658,5,0.389222005208,0.332556423611
658,6,0.356836848958,0.323630729167
660,1,0.62075390625,0.427362847222
660,2,0.244522916667,0.3236046875
660,3,0.825956510417,0.380442708333
660,4,0.422613020833,0.735733854167
660,5,0.377392317708,0.332165104167
660,6,0.371667708333,0.322086284722
660,7,0.904651432292,0.608947916667
662,1,0.621532682292,0.419865451389
662,2,0.25566328125,0.325486284722
662,3,0.817484635417,0.373933333333
662,4,0.405470963542,0.7297
662,5,0.365520182292,0.331774305556
662,6,0.3864984375,0.320540798611
662,7,0.877398567708,0.598679166667
664,1,0.622493229167,0.412421180556
664,2,0.266990494792,0.327398784722
664,3,0.806793359375,0.367846006944
664,4,0.386368880208,0.723443229167
664,5,0.353364322917,0.331409201389
664,6,0.401306380208,0.319028993056
664,7,0.847730989583,0.587501388889
666,1,0.624046484375,0.405266840278
666,2,0.278328645833,0.329313020833
666,3,0.795189322917,0.362065972222
666,4,0.366977734375,0.717155729167
666,5,0.3405796875,0.331113715278
666,6,0.415959765625,0.317724131944
666,7,0.817916145833,0.57626875
668,1,0.62691328125,0.398751388889
668,2,0.289668098958,0.331228298611
668,3,0.78335390625,0.356433680556
668,4,0.347587369792,0.710869444444
668,5,0.327311588542,0.330870138889
668,6,0.430269791667,0.316877430556
668,7,0.788106380208,0.565049652778
670,1,0.630789192708,0.392724131944
670,2,0.301007552083,0.333143576389
670,3,0.770775260417,0.351394791667
670,4,0.328196614583,0.704583333333
670,5,0.313913411458,0.330635243056
670,6,0.444316276042,0.316384548611
670,7,0.7584125,0.554051215278
672,1,0.634933463542,0.386823263889
672,2,0.312344401042,0.3350578125
672,3,0.756549609375,0.347672048611
672,4,0.30880546875,0.698296354167
672,5,0.300505208333,0.330399826389
672,6,0.458294270833,0.3159859375
672,7,0.729152473958,0.5438890625
674,1,0.639096484375,0.380928472222
674,2,0.323794401042,0.336981597222
674,3,0.741059635417,0.344961979167
674,4,0.289415755208,0.692009027778
674,5,0.287100130208,0.330166840278
674,6,0.472268098958,0.315594444444
674,7,0.700457421875,0.534815798611
676,1,0.643284114583,0.3750375
676,2,0.336019401042,0.338970833333
676,3,0.725151953125,0.342521527778
676,4,0.270029296875,0.685722222222
676,5,0.273697526042,0.3299375
676,6,0.486240234375,0.3152046875
676,7,0.672017317708,0.526233854167
678,1,0.647919010417,0.369183506944
678,2,0.349961067708,0.341103472222
678,3,0.708645572917,0.340111458333
678,4,0.250872005208,0.6794546875
678,5,0.260433463542,0.329769791667
678,6,0.500207291667,0.314806423611
678,7,0.643615755208,0.517722743056
680,1,0.654259114583,0.363458854167
680,2,0.365220963542,0.34334375
680,3,0.690846354167,0.337730555556
680,4,0.233265104167,0.673330729167
680,5,0.248114713542,0.330019791667
680,6,0.514102473958,0.314244791667
680,7,0.615214973958,0.509212673611
682,1,0.662822786458,0.357900347222
682,2,0.380826953125,0.345612847222
682,3,0.672052473958,0.335367534722
682,4,0.219102604167,0.667523263889
682,5,0.237901171875,0.331204861111
682,6,0.527724479167,0.313069270833
682,7,0.586813020833,0.500702430556
684,1,0.672387630208,0.352416145833
684,2,0.396451953125,0.347886284722
684,3,0.652994791667,0.33300625
684,4,0.207622526042,0.661939756944
684,5,0.229306510417,0.333110590278
684,6,0.54098828125,0.311094270833
684,7,0.55844453125,0.492201909722
686,1,0.682100260417,0.346941493056
686,2,0.411957161458,0.350192881944
686,3,0.63396015625,0.330655208333
686,4,0.197444661458,0.656125347222
686,5,0.221562369792,0.335228645833
686,6,0.5540765625,0.308761805556
686,7,0.530644791667,0.483873958333
688,1,0.691519661458,0.341696180556
688,2,0.426652213542,0.352722222222
688,3,0.615571875,0.328493229167
688,4,0.189589453125,0.649191319444
688,5,0.216713541667,0.337506076389
688,6,0.566924869792,0.306396701389
688,7,0.505004557292,0.476195138889
690,1,0.698952473958,0.337996875
690,2,0.43955234375,0.355749826389
690,3,0.599630338542,0.327047743056
690,4,0.184705989583,0.640787152778
690,5,0.218230598958,0.340112847222
690,6,0.578951822917,0.304094444444
690,7,0.48218046875,0.469364583333
692,1,0.7019765625,0.337726388889
692,2,0.451076692708,0.359161111111
692,3,0.58687890625,0.326535243056
692,4,0.181162109375,0.631719444444
692,5,0.224632161458,0.342972743056
692,6,0.589906119792,0.301874131944
692,7,0.460625911458,0.462915972222
694,1,0.701713802083,0.340015277778
694,2,0.462242317708,0.362677951389
694,3,0.575519270833,0.326449652778
694,4,0.177688932292,0.622565451389
694,5,0.232336979167,0.345888020833
694,6,0.600378125,0.299690798611
694,7,0.4392578125,0.456523090278
696,1,0.700705078125,0.342762152778
696,2,0.473467317708,0.366273263889
696,3,0.564051822917,0.326481944444
696,4,0.173356119792,0.613473958333
696,5,0.240391536458,0.348651736111
696,6,0.610780729167,0.297508680556
696,7,0.417889322917,0.450131423611
696,8,0.949101432292,0.458840625
698,1,0.698572005208,0.345692534722
698,2,0.485001171875,0.370142361111
698,3,0.551873177083,0.3266453125
698,4,0.167115755208,0.6045140625
698,5,0.249482552083,0.350828645833
698,6,0.621181640625,0.295326215278
698,7,0.396554557292,0.443726388889
698,8,0.93323515625,0.456497048611
700,1,0.693812109375,0.349592534722
700,2,0.496936588542,0.374368402778
700,3,0.539148828125,0.326911458333
700,4,0.159409765625,0.595657291667
700,5,0.259923697917,0.352241319444
700,6,0.631582552083,0.293147222222
700,7,0.375452864583,0.437240451389
700,8,0.91375703125,0.453620833333
702,1,0.687538932292,0.354141319444
702,2,0.509050911458,0.378757291667
702,3,0.526280729167,0.327204861111
702,4,0.151314583333,0.586827083333
702,5,0.270948177083,0.353388715278
702,6,0.64198515625,0.290967881944
702,7,0.354867317708,0.430574131944
702,8,0.893747005208,0.450667361111
704,1,0.681002604167,0.3588140625
704,2,0.52119140625,0.383168229167
704,3,0.513402864583,0.327519791667
704,4,0.143195572917,0.577999305556
704,5,0.281892057292,0.355015451389
704,6,0.652386067708,0.288788541667
704,7,0.33467421875,0.423769444444
704,8,0.8737578125,0.447714236111
706,1,0.674466276042,0.363488020833
706,2,0.53333515625,0.387578125
706,3,0.500524088542,0.328136111111
706,4,0.135075520833,0.569170833333
706,5,0.292458723958,0.357813888889
706,6,0.662786979167,0.286609722222
706,7,0.314584895833,0.416928125
706,8,0.854091536458,0.444786805556
708,1,0.66792734375,0.368163888889
708,2,0.545480338542,0.391987847222
708,3,0.487646354167,0.329879166667
708,4,0.126956380208,0.560342708333
708,5,0.302739583333,0.361511805556
708,6,0.673189583333,0.284428472222
708,7,0.294503645833,0.410083854167
708,8,0.835642838542,0.441959548611
710,1,0.661350260417,0.372910243056
710,2,0.557643359375,0.396427083333
710,3,0.474768489583,0.333082986111
710,4,0.118838020833,0.551512673611
710,5,0.312944270833,0.365447743056
710,6,0.683590494792,0.282248611111
710,7,0.274420572917,0.403240798611
710,8,0.818780078125,0.439261111111
712,1,0.654702213542,0.377932465278
712,2,0.5700703125,0.401194444444
712,3,0.461889322917,0.336944618056
712,4,0.110720442708,0.542683333333
712,5,0.323141145833,0.369401736111
712,6,0.69399140625,0.280069791667
712,7,0.254436067708,0.396499305556
712,8,0.802633333333,0.436616666667
714,1,0.649053385417,0.383422743056
714,2,0.583433854167,0.406746180556
714,3,0.449010807292,0.340905034722
714,4,0.10293828125,0.533882986111
714,5,0.333336588542,0.373358680556
714,6,0.704394010417,0.277890277778
714,7,0.235122135417,0.39045625
714,8,0.786594270833,0.433977083333
716,1,0.647995703125,0.389341493056
716,2,0.597874609375,0.412377777778
716,3,0.436166145833,0.3448796875
716,4,0.0974227864583,0.525277430556
716,5,0.343531901042,0.377312673611
716,6,0.714794921875,0.275711458333
716,7,0.21728828125,0.385964236111
716,8,0.770556380208,0.431341145833
718,1,0.654022395833,0.394609722222
718,2,0.612688020833,0.417323611111
718,3,0.42385859375,0.349019791667
718,4,0.097031640625,0.517143923611
718,5,0.3537296875,0.381262847222
718,6,0.725195833333,0.273531597222
718,7,0.200587369792,0.382662326389
718,8,0.754517447917,0.428708333333
720,1,0.665447786458,0.3973171875
720,2,0.627526302083,0.421966145833
720,3,0.413587369792,0.353783506944
720,4,0.101135416667,0.509618576389
720,5,0.363966536458,0.385209895833
720,6,0.7355984375,0.271350694444
720,7,0.18418671875,0.379674479167
720,8,0.73847734375,0.426076388889
722,1,0.679383333333,0.397890625
722,2,0.642358723958,0.426580729167
722,3,0.405970963542,0.359364583333
722,4,0.107666927083,0.502794618056
722,5,0.374351432292,0.389148784722
722,6,0.745987890625,0.269171701389
722,7,0.167816536458,0.376708159722
722,8,0.722438411458,0.42344375
724,1,0.693880859375,0.397891319444
724,2,0.6571875,0.431193576389
724,3,0.399551953125,0.365313194444
724,4,0.1153390625,0.496444965278
724,5,0.384929166667,0.393078645833
724,6,0.756184114583,0.266970486111
724,7,0.151628645833,0.373781770833
724,8,0.706400130208,0.420807465278
726,1,0.708386458333,0.397852256944
726,2,0.672016276042,0.435806423611
726,3,0.393308723958,0.371317013889
726,4,0.123294921875,0.490217013889
726,5,0.395595963542,0.397003819444
726,6,0.765648567708,0.264685416667
726,7,0.136135807292,0.371008333333
726,8,0.690359505208,0.418168229167
728,1,0.722447786458,0.397673611111
728,2,0.686848697917,0.440421006944
728,3,0.387190885417,0.377286284722
728,4,0.131269791667,0.483996354167
728,5,0.406275911458,0.400925868056
728,6,0.774154947917,0.262293055556
728,7,0.121551171875,0.368432638889
728,8,0.674317578125,0.415531944444
730,1,0.734835286458,0.396952430556
730,2,0.701686328125,0.445026388889
730,3,0.381940234375,0.383011631944
730,4,0.139245703125,0.477776041667
730,5,0.416909765625,0.404846875
730,6,0.782228776042,0.259852430556
730,7,0.107376302083,0.365943229167
730,8,0.658278255208,0.412899652778
732,1,0.744979817708,0.395519791667
732,2,0.716586328125,0.449476388889
732,3,0.378613020833,0.3881984375
732,4,0.147219791667,0.471553645833
732,5,0.42725078125,0.408753298611
732,6,0.790248307292,0.2574140625
732,7,0.0932622395833,0.363467881944
732,8,0.642240364583,0.41026875
734,1,0.753079817708,0.393657986111
734,2,0.73173046875,0.453343576389
734,3,0.376758072917,0.392972395833
734,4,0.155193229167,0.465331770833
734,5,0.436947265625,0.412627256944
734,6,0.798424869792,0.255109722222
734,7,0.079148828125,0.360991840278
734,8,0.626201432292,0.407636458333
736,1,0.7568078125,0.391319097222
736,2,0.747194010417,0.456453472222
736,3,0.375123697917,0.397751388889
736,4,0.163322135417,0.459131944444
736,5,0.446147916667,0.416477083333
736,6,0.807195963542,0.253300694444
736,7,0.06503515625,0.358513368056
736,8,0.610161328125,0.405000173611
738,1,0.753941276042,0.388418229167
738,2,0.762801041667,0.459221875
738,3,0.372383072917,0.403297048611
738,4,0.172494270833,0.453080902778
738,5,0.455240625,0.420321527778
738,6,0.816741276042,0.252134548611
738,7,0.0512970052083,0.356103298611
738,8,0.594122395833,0.4023609375
740,1,0.745733854167,0.385267881944
740,2,0.778425260417,0.461915277778
740,3,0.367137239583,0.410557638889
740,4,0.183979947917,0.447362847222
740,5,0.464726432292,0.424166319444
740,6,0.826635546875,0.251259027778
740,7,0.0401033854167,0.354141145833
740,8,0.578084635417,0.399724652778
742,1,0.734887760417,0.382092881944
742,2,0.793989973958,0.464222395833
742,3,0.359972395833,0.419114409722
742,4,0.197241796875,0.441899131944
742,5,0.475730859375,0.428009895833
742,6,0.836576302083,0.250437673611
742,8,0.562045703125,0.397092013889
744,1,0.723279947917,0.379050694444
744,2,0.809331770833,0.465060416667
744,3,0.352449609375,0.427740104167
744,4,0.210972135417,0.436500694444
744,5,0.488714322917,0.431850868056
744,6,0.846439713542,0.249813888889
744,8,0.546005078125,0.394460069444
746,1,0.711025911458,0.376523958333
746,2,0.824381640625,0.463984722222
746,3,0.345866145833,0.435497048611
746,4,0.224730338542,0.431106770833
746,5,0.502607552083,0.43569375
746,6,0.855999609375,0.249929861111
746,8,0.529964453125,0.391827256944
748,1,0.697976171875,0.374672048611
748,2,0.8391125,0.462034375
748,3,0.341401953125,0.442428819444
748,4,0.238477604167,0.425724131944
748,5,0.5168859375,0.439572743056
748,6,0.865159375,0.251010763889
748,8,0.513924869792,0.389191319444
750,1,0.684567057292,0.373122395833
750,2,0.851565104167,0.459732291667
750,3,0.338550651042,0.449247743056
750,4,0.252048307292,0.420529861111
750,5,0.53211953125,0.443579861111
750,6,0.874141276042,0.252528993056
750,8,0.497885546875,0.386551736111
752,1,0.671105338542,0.371615451389
752,2,0.858040755208,0.456583854167
752,3,0.336121484375,0.456125173611
752,4,0.264941796875,0.416053819444
752,5,0.54860234375,0.447754513889
752,6,0.882954427083,0.254141840278
752,8,0.481947786458,0.383943229167
754,1,0.657630078125,0.370137847222
754,2,0.862028776042,0.452327430556
754,3,0.334004557292,0.462998958333
754,4,0.276950390625,0.412513368056
754,5,0.565649869792,0.452005034722
754,6,0.890783854167,0.255967708333
754,8,0.466707291667,0.381525520833
756,1,0.64391328125,0.369121875
756,2,0.867922786458,0.447517361111
756,3,0.333848697917,0.469783680556
756,4,0.288561197917,0.4093953125
756,5,0.582735026042,0.456262152778
756,6,0.8964234375,0.258322395833
756,8,0.453014192708,0.379523784722
758,1,0.629284635417,0.369848611111
758,2,0.871161588542,0.442424826389
758,3,0.338038541667,0.476372048611
758,4,0.300113411458,0.406338194444
758,5,0.59911953125,0.460461805556
758,6,0.900241015625,0.261352256944
758,8,0.440510026042,0.377840798611
760,1,0.613468489583,0.372851215278
760,2,0.868980338542,0.437080729167
760,3,0.345561328125,0.482805729167
760,4,0.3117296875,0.403195659722
760,5,0.612846484375,0.464455208333
760,6,0.902769140625,0.264891493056
760,8,0.428319791667,0.376238715278
762,1,0.5970953125,0.376879340278
762,2,0.863955729167,0.432019618056
762,3,0.354172265625,0.4891625
762,4,0.323783333333,0.399463194444
762,5,0.623298046875,0.468225
762,6,0.903484635417,0.268152083333
762,8,0.416146484375,0.374639756944
764,1,0.580292317708,0.381040625
764,2,0.857280729167,0.428485416667
764,3,0.364239192708,0.495269618056
764,4,0.336804296875,0.394421875
764,5,0.633499739583,0.472175347222
764,6,0.90285390625,0.270873263889
764,8,0.404073828125,0.373028472222
766,1,0.562157552083,0.385136979167
766,2,0.848936588542,0.426962847222
766,3,0.377414973958,0.5008171875
766,4,0.350476041667,0.388450347222
766,5,0.64638515625,0.476782118056
766,6,0.90186796875,0.273415798611
766,8,0.392679947917,0.371306423611
768,1,0.542286979167,0.389148090278
768,2,0.839839192708,0.426345138889
768,3,0.392973046875,0.505932986111
768,4,0.363740494792,0.382700173611
768,5,0.661502734375,0.481909722222
768,6,0.900778645833,0.275952083333
768,8,0.382789713542,0.369333333333
770,1,0.521633854167,0.393120659722
770,2,0.830677473958,0.425876215278
770,3,0.409156901042,0.510937673611
770,4,0.375688020833,0.378009375
770,5,0.67720703125,0.487175694444
770,6,0.899149348958,0.278525520833
770,8,0.374052994792,0.367166840278
772,1,0.5008640625,0.397087673611
772,2,0.822261979167,0.425686458333
772,3,0.425378125,0.515937326389
772,4,0.386617317708,0.374146701389
772,5,0.692946875,0.492449131944
772,6,0.896323567708,0.281179166667
772,8,0.365618619792,0.364948090278
774,1,0.48009296875,0.4010546875
774,2,0.816672265625,0.4265546875
774,3,0.441599739583,0.520935243056
774,4,0.397274869792,0.370502430556
774,5,0.7086890625,0.497722222222
774,6,0.89258046875,0.283897048611
774,8,0.35720078125,0.362723263889
776,1,0.459323177083,0.405021701389
776,2,0.81476640625,0.428799305556
776,3,0.457821354167,0.525931076389
776,4,0.4079875,0.36690625
776,5,0.72443359375,0.502996180556
776,6,0.888596223958,0.286631597222
776,8,0.348784244792,0.360497743056
778,1,0.438626041667,0.408841145833
778,2,0.814551822917,0.431709201389
778,3,0.47404609375,0.530928993056
778,4,0.419202994792,0.363555555556
778,5,0.74013984375,0.508272916667
778,6,0.884593489583,0.289369444444
778,8,0.340371223958,0.358276909722
780,1,0.418413541667,0.411658506944
780,2,0.815083203125,0.435477951389
780,3,0.490272916667,0.535928645833
780,4,0.4315359375,0.360747222222
780,5,0.755216276042,0.513591493056
780,6,0.880543359375,0.292153298611
780,8,0.331959635417,0.356055729167
782,1,0.399276953125,0.4122515625
782,2,0.81753984375,0.442025520833
782,3,0.50649765625,0.5409265625
782,4,0.444726692708,0.358353819444
782,5,0.767916796875,0.519076041667
782,6,0.876314973958,0.295107118056
782,8,0.3235890625,0.353805729167
784,1,0.381236848958,0.411083680556
784,2,0.822654557292,0.451550347222
784,3,0.522720572917,0.545922395833
784,4,0.458140755208,0.356069618056
784,5,0.7775234375,0.524779513889
784,6,0.871852604167,0.298277951389
784,8,0.315895442708,0.351169097222
786,1,0.365233072917,0.409102256944
786,2,0.829296744792,0.461013541667
786,3,0.538942057292,0.5509203125
786,4,0.471565885417,0.353788888889
786,5,0.785733203125,0.530579861111
786,6,0.867450260417,0.301546180556
786,8,0.310655598958,0.347175694444
788,1,0.35327421875,0.406289409722
788,2,0.836420963542,0.469376736111
788,3,0.55516328125,0.555919965278
788,4,0.484991927083,0.351508680556
788,5,0.793738020833,0.536394097222
788,6,0.86416328125,0.304830729167
788,8,0.307997526042,0.342002083333
790,1,0.34444765625,0.402874826389
790,2,0.843593098958,0.477345138889
790,3,0.571305598958,0.560893402778
790,4,0.498355598958,0.349240451389
790,5,0.801704427083,0.542180902778
790,6,0.863380598958,0.308099131944
790,8,0.305172916667,0.337605034722
792,1,0.337085026042,0.399586284722
792,2,0.850185026042,0.484645833333
792,3,0.58613359375,0.565459375
792,4,0.510632161458,0.347155729167
792,5,0.809019661458,0.547497569444
792,6,0.864388802083,0.311098784722
792,8,0.301615885417,0.334567708333
794,1,0.332227083333,0.397395833333
794,2,0.8545640625,0.489495659722
794,3,0.595982291667,0.568492881944
794,4,0.518784375,0.345768923611
794,5,0.813878515625,0.551029166667
794,6,0.865385807292,0.313089236111
794,8,0.299033984375,0.332766666667
